{"text": " Hello, this is a check on the processing of the words with riffs.", "segments": [{"id": 0, "seek": 0, "start": 0.0, "end": 16.0, "text": " Hello, this is a check on the processing of the words with riffs.", "tokens": [50364, 2425, 11, 341, 307, 257, 1520, 322, 264, 9007, 295, 264, 2283, 365, 367, 17643, 13, 51164], "temperature": 0.0, "avg_logprob": -0.8692137065686678, "compression_ratio": 0.9701492537313433, "no_speech_prob": 0.036537040024995804}], "language": "en"}