{"text": " Hello. Bye.", "segments": [{"id": 0, "seek": 0, "start": 0.0, "end": 2.0, "text": " Hello.", "tokens": [50364, 2425, 13, 50464], "temperature": 0.0, "avg_logprob": -0.7371784687042237, "compression_ratio": 0.42857142857142855, "no_speech_prob": 0.14877702295780182}, {"id": 1, "seek": 3000, "start": 30.0, "end": 32.0, "text": " Bye.", "tokens": [50364, 4621, 13, 50464], "temperature": 0.0, "avg_logprob": -0.625324296951294, "compression_ratio": 0.3333333333333333, "no_speech_prob": 0.033860065042972565}], "language": "en"}